{
    "Cameras": [
        {
            "name": "Cam1",
            "port": 5001,
            "status": "Inactive"
        },
        {
            "name": "Cam2",
            "port": 5002,
            "status": "Inactive"
        },
        {
            "name": "Cam3",
            "port": 5003,
            "status": "Active"
        },
        {
            "name": "Cam4",
            "port": 5004,
            "status": "Inactive"
        },
        {
            "name": "Cam5",
            "port": 5005,
            "status": "Active"
        },
        {
            "name": "Cam6",
            "port": 5006,
            "status": "Active"
        },
        {
            "name": "Cam7",
            "port": 5007,
            "status": "Active"
        },
        {
            "name": "Cam8",
            "port": 5008,
            "status": "Active"
        },
        {
            "name": "Cam9",
            "port": 5009,
            "status": "Active"
        },
        {
            "name": "Cam10",
            "port": 50010,
            "status": "Active"
        },
        {
            "name": "Cam11",
            "port": 50011,
            "status": "Active"
        },
        {
            "name": "Cam12",
            "port": 50012,
            "status": "Inactive"
        },
        {
            "name": "Cam13",
            "port": 50013,
            "status": "Inactive"
        },
        {
            "name": "Cam14",
            "port": 50014,
            "status": "Inactive"
        },
        {
            "name": "Cam15",
            "port": 50015,
            "status": "Inactive"
        },
        {
            "name": "Cam16",
            "port": 50016,
            "status": "Inactive"
        },
        {
            "name": "Cam17",
            "port": 50017,
            "status": "Inactive"
        },
        {
            "name": "Cam18",
            "port": 50018,
            "status": "Inactive"
        }
    ],
    "Database": [
        {
            "username": "admin",
            "password": "admin"
        },
        {
            "username": "user",
            "password": "user"
        }
    ]
}