{
    "Cameras": [
        {
            "name": "Cam1",
            "port": 5001,
            "status": "Active"
        },
        {
            "name": "Cam2",
            "port": 5002,
            "status": "Active"
        },
        {
            "name": "Cam3",
            "port": 5003,
            "status": "Active"
        },
        {
            "name": "Cam4",
            "port": 5004,
            "status": "Active"
        },
        {
            "name": "Cam5",
            "port": 5005,
            "status": "Active"
        },
        {
            "name": "Cam6",
            "port": 5006,
            "status": "Active"
        },
        {
            "name": "Cam7",
            "port": 5007,
            "status": "Active"
        },
        {
            "name": "Cam8",
            "port": 5008,
            "status": "Active"
        },
        {
            "name": "Cam9",
            "port": 5009,
            "status": "Active"
        }
    ],
    "Database": [
        {
            "username": "admin",
            "password": "admin"
        },
        {
            "username": "user",
            "password": "user"
        }
    ]
}