{
    "Cameras": [
        {
            "name": "Cam1",
            "port": 5001,
            "status": "Inactive"
        },
        {
            "name": "Cam2",
            "port": 5002,
            "status": "Active"
        },
        {
            "name": "Cam3",
            "port": 5003,
            "status": "Active"
        },
        {
            "name": "Cam4",
            "port": 5004,
            "status": "Inactive"
        },
        {
            "name": "Cam5",
            "port": 5005,
            "status": "Inactive"
        }
    ]
}